timestamp,type,newsroom,documents,question,prompt,response,reaction,score,comment
2024-08-28 13:45:27,document_analyzer,GMA Network,"2018-State-of-the-Nation-Address-of-Rodrigo-Roa-Duterte.pdf, 2017-State-of-the-Nation-Address-of-Rodrigo-Roa-Duterte.pdf","Economic Growth, Healthcare Reform, Education Initiatives, Infrastructure Development","
        You are an unbiased, fair, honest, intelligent, and expert journalist-researcher who is very knowledgeable in different domains of expertise encompassing investigative journalism. You are not representing any party or organization and you would treat the documents as research materials for intelligent context searching for you to be able to report the similarities and differences of what has been written in those documents.

        Your main task is to compare sets of documents that discuss several topics.

        Given these documents, you are tasked to compare and contrast the key points of each document relative to the research question: '{{QUESTION}}':

        To accomplish this, you would first list down key points based on the given research question as these key points will serve as the context of queries that you would search in each of the research documents in this list:
        {{DOCUMENTS}}.

        Then, for each keypoint item relative to the search result that you have found given the same context, it is important to describe their differences and similarities in terms of how they align with their original context. If no similar context is found, just note that keypoint was not found in the document but still include the keypoint in the item list. You would highlight the major keypoints in terms of statistics, action points, and policies. Finally, provide a brief explanation for each keypoint. Make sure that no keypoint is duplicated, no important keypoint is missed, and that the summary is concise and informative.

        Likewise, for each keypoint item, you would include a reference to a phrase where you have found the keypoint. e.g. ""Source: Document 0 Title: {{TITLE_0}}"" or ""Sources: Document 0 and 1; Titles: {{TITLE_0}} and {{TITLE_1}}"".

        More importantly, you to always provide a final summary of the results from your findings wherein you would highlight the overall similarities and differences of each keypoint. Do not provide recommendations.

        The final output should be in the following markdown format:

            Title: Title

            Executive Summary: Executive Summary

            Keypoints:
                Keypoint 1: Keypoint 1 Title
                    Context: Context Summary
                    Give Context About Descriptive Statistics if available
                    Give Context About Policies if available
                        Policies Context: Identify which group of people will benefit and be affected by the policy.
                    Similarities: Similarities
                    Differences: Differences
                    Justification with Evidence: Reference phrase/excerpts and source document (Source(s): Document 0, Document 1; Title(s): {{TITLE_0}} and {{TITLE_1}})

                Keypoint 2: Keypoint 2 Title
                    Context: Context Summary
                    Give Context About Descriptive Statistics if available
                    Give Context About Policies if available
                        Policies Context: Identify which group of people will benefit and be affected by the policy.
                    Similarities: Similarities
                    Differences: Differences
                    Justification with Evidence: Reference phrase/excerpts and source document (Source(s): Document 0, Document 1; Title(s): {{TITLE_0}})

                ...

                Keypoint N: Keypoint N Title
                    Context: Context Summary
                    Give Context About Descriptive Statistics if available
                    Give Context About Policies if available
                        Policies Context: Identify which group of people will benefit and be affected by the policy.
                    Similarities: Similarities
                    Differences: Differences
                    Justification with Evidence: Reference phrase/excerpts and source document (Source(s): Document 1; Title(s): {{TITLE_0}})

            Conclusion: Overall summary of the analysis goes here
        ","# Title: Comparative Analysis of Duterte's State of the Nation Addresses (2017-2018)

## Executive Summary:
This analysis compares and contrasts key points from the State of the Nation Addresses (SONAs) delivered by Rodrigo Roa Duterte in 2017 and 2018. The focus is on four main areas: Economic Growth, Healthcare Reform, Education Initiatives, and Infrastructure Development. The documents analyzed are consistent in their themes but vary in specifics, statistics, and policy details. This report highlights the similarities and differences in Duterte's approach to these key areas over the two years.

## Keypoints:

### Keypoint 1: Economic Growth
#### Context: 
Duterte's administration emphasized tax reforms and economic policies aimed at equitable growth and reducing poverty.

#### Descriptive Statistics:
- 2017: Tax reforms to fund the 2018 budget, targeting the poor and vulnerable.
- 2018: TRAIN law implementation, unconditional cash transfers to 4 million people, and subsidies worth 149 billion pesos.

#### Policies:
- 2017: Tax reform law to fund the budget and target tax evaders.
- 2018: Comprehensive tax reform, including Package 2 to lower corporate income taxes.

    Policies Context: The policies aim to benefit the poor and vulnerable, small businesses, and the general population by ensuring equitable tax systems and economic growth.

#### Similarities:
- Both years emphasize tax reforms as a means to fund government projects and support the poor.
- Focus on equitable growth and reducing poverty.

#### Differences:
- 2017 focuses on the immediate need for tax reforms to fund the budget.
- 2018 highlights the implementation of TRAIN law and specific subsidies and cash transfers.

#### Justification with Evidence:
- ""The passage of the Tax Reform Law is needed to fund the proposed 2018 budget..."" (Source: Document 4; Title: 2017-State-of-the-Nation-Address-of-Rodrigo-Roa-Duterte.pdf)
- ""TRAIN is already helping poor families and senior citizens cope up with rising prices..."" (Source: Document 16; Title: 2018-State-of-the-Nation-Address-of-Rodrigo-Roa-Duterte.pdf)

### Keypoint 2: Healthcare Reform
#### Context:
Duterte's administration aimed to improve the healthcare system, making it more accessible and affordable.

#### Descriptive Statistics:
- 2018: Institutionalizing the ""No Balance Billing Policy"" and pooling resources under PhilHealth.

#### Policies:
- 2018: Speedy passage of the Universal Health Care Bill and streamlining financial assistance for health-related needs.

    Policies Context: These policies are designed to benefit all Filipinos, especially the poor, by providing affordable and quality health services.

#### Similarities:
- Both years emphasize the need for healthcare reforms to protect Filipinos from financial health risks.

#### Differences:
- 2017 does not explicitly mention healthcare reforms.
- 2018 provides specific policies and actions, such as the Universal Health Care Bill and ""No Balance Billing Policy.""

#### Justification with Evidence:
- ""One of the most important thrusts of this administration's medium-term development plan is to cover all Filipinos against financial health risks..."" (Source: Document 0; Title: 2018-State-of-the-Nation-Address-of-Rodrigo-Roa-Duterte.pdf)

### Keypoint 3: Education Initiatives
#### Context:
Duterte's administration focused on improving access to education and increasing support for educational institutions.

#### Descriptive Statistics:
- 2018: Approval of the Free Tertiary Education Act.

#### Policies:
- 2018: Establishment of Malasakit Centers and increase in salaries for soldiers and policemen.

    Policies Context: These policies aim to benefit students by providing free tertiary education and support for public servants.

#### Similarities:
- Both years emphasize the importance of education for national development.

#### Differences:
- 2017 does not mention specific education initiatives.
- 2018 highlights the Free Tertiary Education Act and support for public servants.

#### Justification with Evidence:
- ""Deliberations with the proper agencies also made me decide to push for, and eventually approve, both the [free] Tertiary Education Act..."" (Source: Document 12; Title: 2018-State-of-the-Nation-Address-of-Rodrigo-Roa-Duterte.pdf)

### Keypoint 4: Infrastructure Development
#### Context:
Duterte's administration aimed to enhance infrastructure to spur economic growth and improve connectivity.

#### Descriptive Statistics:
- 2017: Targeting 7% of GDP for infrastructure spending by 2022, amounting to 8-9 trillion pesos.
- 2018: Emphasis on building better roads, bridges, and improving health and education infrastructure.

#### Policies:
- 2017: ""Build, Build, Build"" program, modernization of ports, and new airports.
- 2018: Continued infrastructure development funded by TRAIN law.

    Policies Context: These policies aim to benefit the entire population by improving mobility, connectivity, and access to essential services.

#### Similarities:
- Both years emphasize significant infrastructure projects to enhance national development.

#### Differences:
- 2017 provides specific targets and projects, such as new airports and port modernization.
- 2018 focuses on the continuation and funding of these projects through the TRAIN law.

#### Justification with Evidence:
- ""We are targeting to increase Government spending on infrastructure from 5 percent of GDP in 2017 to 7 percent of GDP by 2022..."" (Source: Document 9; Title: 2017-State-of-the-Nation-Address-of-Rodrigo-Roa-Duterte.pdf)
- ""You have made funds available to build better roads and bridges, and improve health and education..."" (Source: Document 7; Title: 2018-State-of-the-Nation-Address-of-Rodrigo-Roa-Duterte.pdf)

## Conclusion:
The analysis of Duterte's 2017 and 2018 State of the Nation Addresses reveals a consistent focus on economic growth, healthcare reform, education initiatives, and infrastructure development. While the overarching themes remain the same, the specifics, statistics, and policies vary between the two years. The 2017 address emphasizes the need for immediate tax reforms and infrastructure projects, while the 2018 address highlights the implementation of these reforms and the continuation of infrastructure development. Healthcare and education initiatives are more prominently featured in the 2018 address, reflecting a broader focus on social services. Overall, Duterte's addresses demonstrate a commitment to equitable growth and national development through comprehensive reforms and strategic investments.",:smiley:,ðŸ˜€,goods
2024-08-28 13:46:24,rag_chatbot,GMA Network,"2017-State-of-the-Nation-Address-of-Rodrigo-Roa-Duterte.pdf, 2018-State-of-the-Nation-Address-of-Rodrigo-Roa-Duterte.pdf",west ph,"[same as the chat question]

west ph","The West Philippine Sea issue is mentioned in both the 2017 and 2018 State of the Nation Addresses of Rodrigo Roa Duterte. Here are the relevant references:

1. **2017 State of the Nation Address**:
   - ""The West Philippine Sea issue and Federalism are matters that we have to tackle sooner or later."" 
   - ""We have cultivated warmer relations with China through bilateral dialogues and other mechanisms, leading to easing of tensions between the two countries and improved negotiating environment on the West Philippine Sea.""

   **Source**: Document 0 Title: 2017-State-of-the-Nation-Address-of-Rodrigo-Roa-Duterte.pdf

2. **2018 State of the Nation Address**:
   - ""Our improved relationship with China, however, does not mean that we will waver in our commitment to defend our interests in the West Philippine Sea.""
   - ""Opening lines of communication and amicably managing differences have led to positive developments that include renewed access of Filipino fishermen in the areas in dispute in the Philippines --- West Philippine Sea.""

   **Source**: Document 1 Title: 2018-State-of-the-Nation-Address-of-Rodrigo-Roa-Duterte.pdf

These references indicate that the West Philippine Sea issue is a significant matter in the context of the Philippines' foreign policy and relations with China.",:smiley:,ðŸ˜€,good chat 1
2024-08-28 13:46:34,rag_chatbot,GMA Network,"2017-State-of-the-Nation-Address-of-Rodrigo-Roa-Duterte.pdf, 2018-State-of-the-Nation-Address-of-Rodrigo-Roa-Duterte.pdf",international relatios,"[same as the chat question]

international relatios","Based on the provided documents, here is the information on international relations:

1. **Independent Foreign Policy**: The Philippines will continue to assert and pursue an independent foreign policy, prioritizing long-term national development and national security goals. The country will reach out to all nations that wish it well, regardless of their political persuasions or geographical proximity.
   - Source: Document 0 Title: 2017-State-of-the-Nation-Address-of-Rodrigo-Roa-Duterte.pdf

2. **ASEAN Relations**: Stronger bonds with ASEAN friends have enabled trilateral border patrols with Indonesia and Malaysia, which have been effective against sea pirates and terrorists. The Philippines successfully hosted the 50th ASEAN Anniversary and the 31st ASEAN Summit in November 2017.
   - Source: Document 0 Title: 2017-State-of-the-Nation-Address-of-Rodrigo-Roa-Duterte.pdf

3. **Relations with China**: Re-energized relations with China have led to unprecedented cooperation in the war against transnational crimes, including the dismantling of clandestine shabu laboratories. Despite improved relations, the Philippines remains committed to defending its interests in the West Philippine Sea through bilateral and multilateral platforms such as ASEAN-China and the Philippines-China Bilateral Consultation Mechanism.
   - Source: Document 0 Title: 2017-State-of-the-Nation-Address-of-Rodrigo-Roa-Duterte.pdf

4. **Filipino Migrant Workers**: The welfare of Filipino migrant workers remains a foremost foreign policy concern. The government condemns the deaths and abuses experienced by Filipino migrant workers and is working with host nations to ensure their welfare.
   - Source: Document 0 Title: 2017-State-of-the-Nation-Address-of-Rodrigo-Roa-Duterte.pdf

5. **Global Community Engagement**: The Philippines pursues good relations with all nations based on an independent foreign policy, sovereign equality, mutual respect, and non-interference. Warmer relations with China have led to easing tensions and improved negotiations regarding the West Philippine Sea.
   - Source: Document 1 Title: 2018-State-of-the-Nation-Address-of-Rodrigo-Roa-Duterte.pdf

6. **Appeal to Host Governments**: The Philippines continues to work with host nations to ensure the welfare of its countrymen abroad, appealing to host governments to be true and dependable partners in this endeavor.
   - Source: Document 1 Title: 2018-State-of-the-Nation-Address-of-Rodrigo-Roa-Duterte.pdf

These points summarize the key aspects of international relations as discussed in the 2017 and 2018 State of the Nation Addresses of Rodrigo Roa Duterte.",:neutral_face:,ðŸ˜,ok chat 2
2024-08-28 16:00:18,document_analyzer,Helsingin Sanomat,"Dataset1_TextA.pdf, Dataset2_TextA.pdf, Dataset3_TextA_National_Coalition_Party_election_program_2023.pdf",Economic Growth,"You are an unbias investigative jounalist. You are not representing any party or organization and you would treat the documents as research material.

Your main task is to compare a set of documents relative to the research question specified below.

Research question delimited by triple quotes: ""/""/""/{{QUESTION}}""/""/""/.

To answer the research question, use the following documents:
{{DOCUMENTS}}.

Compare the documents, find similarities and differences. Use only the provided documents and do not attempt to fabricate an answer.

Justify your insights by providing evidence from the documents in the form:
Source:
Excerpt from the document:","### Talouskasvua koskevien asiakirjojen vertailu

#### Samankaltaisuudet

1. **Julkinen talous ja velanhallinta**
   - **Dataset1_TextA.pdf** ja **Dataset3_TextA_National_Coalition_Party_election_program_2023.pdf** korostavat molemmat julkisen talouden tasapainottamisen ja valtion velan vÃ¤hentÃ¤misen tÃ¤rkeyttÃ¤.
     - **LÃ¤hde: Dataset1_TextA.pdf**
       - Ote: ""Julkisen talouden korjausliike, joka kestÃ¤Ã¤ kaksi vaalikautta - vÃ¤hennetÃ¤Ã¤n velkaantumista.""
     - **LÃ¤hde: Dataset3_TextA_National_Coalition_Party_election_program_2023.pdf**
       - Ote: ""Kirjoitamme talouden elvytysohjelman, joka kestÃ¤Ã¤ kaksi vaalikautta tasapainottaaksemme Suomen julkisen talouden ja pysÃ¤yttÃ¤Ã¤ksemme velkaantumisen vuoteen 2031 mennessÃ¤.""

2. **TyÃ¶llisyystavoitteet**
   - Molemmat asiakirjat asettavat kunnianhimoisia tyÃ¶llisyystavoitteita talouskasvun edistÃ¤miseksi.
     - **LÃ¤hde: Dataset1_TextA.pdf**
       - Ote: ""78 % tyÃ¶llisyysaste vuoteen 2027 mennessÃ¤ (noin 130 000 uutta tyÃ¶ntekijÃ¤Ã¤).""
     - **LÃ¤hde: Dataset3_TextA_National_Coalition_Party_election_program_2023.pdf**
       - Ote: ""Nostamme tyÃ¶llisyysasteen 80 prosenttiin vuoteen 2030 mennessÃ¤.""

3. **Verouudistukset**
   - Molemmat asiakirjat ehdottavat verouudistuksia, joiden tavoitteena on edistÃ¤Ã¤ talouskasvua ja vÃ¤hentÃ¤Ã¤ tyÃ¶n verotusta.
     - **LÃ¤hde: Dataset1_TextA.pdf**
       - Ote: ""KevennetÃ¤Ã¤n ansiotuloverotusta pitkÃ¤llÃ¤ aikavÃ¤lillÃ¤, jotta tyÃ¶ on etusijalla ja ostovoima kasvaa.""
     - **LÃ¤hde: Dataset3_TextA_National_Coalition_Party_election_program_2023.pdf**
       - Ote: ""KevennÃ¤mme tyÃ¶n verotusta kaikissa tuloluokissa.""

4. **PK-yritysten ja T&K:n tukeminen**
   - Molemmat asiakirjat korostavat pienten ja keskisuurten yritysten (PK-yritysten) tukemisen ja tutkimus- ja kehitystoiminnan (T&K) investointien tÃ¤rkeyttÃ¤.
     - **LÃ¤hde: Dataset1_TextA.pdf**
       - Ote: ""PK-yrityksiÃ¤ kannustetaan erityisesti osallistumaan T&K-toimintaan suurella T&K-vÃ¤hennyksellÃ¤.""
     - **LÃ¤hde: Dataset3_TextA_National_Coalition_Party_election_program_2023.pdf**
       - Ote: ""EdistÃ¤mme kasvua tukemalla PK-yritysten datataitoja ja digitalisaatiota sekÃ¤ investointeja nopeisiin yhteyksiin, tutkimukseen ja tuotekehitykseen.""

#### Erot

1. **Kaupunkien ja maaseudun kehittÃ¤misen painopiste**
   - **Dataset2_TextA.pdf** korostaa merkittÃ¤vÃ¤sti kaupunkien roolia kasvun moottoreina ja tarvetta yhdistÃ¤Ã¤ kaupunki- ja maaseutualueet.
     - **LÃ¤hde: Dataset2_TextA.pdf**
       - Ote: ""Kaupungit ovat kasvun ja elinvoiman moottoreita. Ne ovat myÃ¶s kulttuurin ja innovaation kasvualustoja.""
   - **Dataset3_TextA_National_Coalition_Party_election_program_2023.pdf** ei korosta kaupunkikehitystÃ¤ samassa mÃ¤Ã¤rin, vaan keskittyy laajemmin kansallisiin talouspolitiikkoihin.
     - **LÃ¤hde: Dataset3_TextA_National_Coalition_Party_election_program_2023.pdf**
       - Ote: ""Teemme entistÃ¤ tiiviimpÃ¤Ã¤ yhteistyÃ¶tÃ¤ Suomen kaupunkien, kuntien ja alueiden kanssa kasvun luomiseksi.""

2. **YmpÃ¤ristÃ¶- ja ilmastopolitiikka**
   - **Dataset2_TextA.pdf** sisÃ¤ltÃ¤Ã¤ yksityiskohtaisia suunnitelmia ympÃ¤ristÃ¶nsuojelusta ja ilmastonmuutoksen hillitsemisestÃ¤.
     - **LÃ¤hde: Dataset2_TextA.pdf**
       - Ote: ""Aloitetaan kattava ohjelma fossiilisten polttoaineiden merkittÃ¤vÃ¤n energiankÃ¤ytÃ¶n lopettamiseksi 2030-luvulla.""
   - **Dataset3_TextA_National_Coalition_Party_election_program_2023.pdf** kÃ¤sittelee myÃ¶s ilmastonmuutosta, mutta keskittyy enemmÃ¤n energiapolitiikkaan ja markkinapohjaisiin ratkaisuihin.
     - **LÃ¤hde: Dataset3_TextA_National_Coalition_Party_election_program_2023.pdf**
       - Ote: ""EdistÃ¤mme uusien teknologioiden kÃ¤yttÃ¶Ã¶nottoa ja kotimaisten innovaatioiden luomista. Verotamme ilmastopÃ¤Ã¤stÃ¶jÃ¤ tasapuolisesti riippumatta niiden lÃ¤hteestÃ¤.""

3. **Sosiaaliturva ja hyvinvointi**
   - **Dataset1_TextA.pdf** ja **Dataset2_TextA.pdf** kÃ¤sittelevÃ¤t molemmat kattavia sosiaaliturvauudistuksia, jotka takaavat arvokkaan elÃ¤mÃ¤n ja kannustavat tyÃ¶ntekoon.
     - **LÃ¤hde: Dataset1_TextA.pdf**
       - Ote: ""Toteutetaan kattava sosiaaliturvauudistus, joka takaa arvokkaan elÃ¤mÃ¤n edellytykset.""
     - **LÃ¤hde: Dataset2_TextA.pdf**
       - Ote: ""Toteutetaan kattava sosiaaliturvauudistus, joka takaa arvokkaan elÃ¤mÃ¤n edellytykset ja vahvistaa tyÃ¶n palkitsevuutta.""
   - **Dataset3_TextA_National_Coalition_Party_election_program_2023.pdf** keskittyy enemmÃ¤n sosiaali- ja terveyspalvelujen saatavuuden parantamiseen ja nÃ¤iden palvelujen laadun parantamiseen.
     - **LÃ¤hde: Dataset3_TextA_National_Coalition_Party_election_program_2023.pdf**
       - Ote: ""Teemme sosiaali- ja terveyspalveluista helpommin saatavilla. Palvelut tehdÃ¤Ã¤n helpommin saatavilla virtuaalikonsultaatioiden ja muiden digitaalisten palvelujen kautta.""

### JohtopÃ¤Ã¤tÃ¶s

Asiakirjat jakavat yhteisiÃ¤ teemoja, kuten julkisen talouden tasapainottamisen tÃ¤rkeyden, kunnianhimoisten tyÃ¶llisyystavoitteiden asettamisen, verouudistusten toteuttamisen ja PK-yritysten ja T&K:n tukemisen. Ne kuitenkin eroavat toisistaan kaupunkien ja maaseudun kehittÃ¤misen painopisteissÃ¤, ympÃ¤ristÃ¶- ja ilmastopolitiikassa sekÃ¤ sosiaaliturva- ja hyvinvointilÃ¤hestymistavoissa. NÃ¤mÃ¤ erot heijastavat erilaisia painopisteitÃ¤ ja strategioita talouskasvun saavuttamiseksi.",:smiley:,ðŸ˜€,hyvÃ¤ 
2024-09-05 21:20:13,document_analyzer,Helsingin Sanomat,"Dataset2_TextA.pdf, Dataset2_TextX.pdf, Dataset3_TextA_National_Coalition_Party_election_program_2023.pdf, Dataset3_TextB_Finns_Party_election_program_2023.pdf, Dataset1_TextA.pdf, Dataset1_TextX.pdf",Economic Growth,"
You are an unbias investigative jounalist. You are not representing any party or organization and you would treat the documents as research material.

Your main task is to examine these texts in relation to the following research question, denoted by double quotes: ""{{QUESTION}}"". The texts are summaries of original documents and contains excerpt from the original documents.

Excerpt are the form:
- Source: [Document Title]
- Excerpt: [Approximately 100 words from the document that supports your claim]

Use only the provided documents and do not attempt to infer or fabricate an answer. If not directly stated in the documents, say that and don't give assumptions. Tell if a document doesn't contain anything related to the research question.

If only one document is relevant to the research question, begin your response with the statement: ""Only one document contained relevant information regarding the research question."" In this case, do not compare; instead, report the key points from that document.

Include in your analysis the excerpts from the original documents.

Use the following documents to answer the research question: {{DOCUMENTS}}.
","Only one document contained relevant information regarding the research question.

### Key Points from ""Dataset3_TextA_National_Coalition_Party_election_program_2023""

The document outlines the National Coalition Party's (NCP) strategies to promote economic growth in Finland. Here are the key points:

1. **Taxation and Economic Growth:**
   - The NCP plans to relieve the taxation of labor across all income brackets.
   - They believe that correctly allocated tax cuts can promote economic growth and encourage employment.
   - **Evidence:**
     - Source: National Coalition Partyâ€™s election program
     - Excerpt: ""We will relieve the taxation of labour in all income brackets. When allocated correctly, tax cuts promote economic growth and encourage employment, thus returning some of the price of the tax cuts to the government.""

2. **Employment and Labour Market Reforms:**
   - The NCP aims to increase employment to 80% by 2030.
   - They plan to remove obstacles to working, reform the labor market, and invest in well-being at work.
   - **Evidence:**
     - Source: National Coalition Partyâ€™s election program
     - Excerpt: ""We will increase employment up to 80 per cent by 2030. By following the action plan of the National Coalition Party, a 100.000 Finns will gain employment during the next parliamentary term. Weâ€™ll remove obstacles to working, reform the labour market and invest in well-being at work.""

3. **Economic and Fiscal Policy:**
   - The NCP aims to balance public finances without increasing the total tax rate.
   - They plan to strengthen economic growth and create new jobs.
   - **Evidence:**
     - Source: National Coalition Partyâ€™s election program
     - Excerpt: ""We will stop living on borrowed money. The National Coalition Party is striving for a Finland where the financing for a welfare state is secured for generations to come. We want to balance public finances without increasing the total tax rate.""

These points collectively address the research question ""Economic Growth"" by highlighting the NCP's strategies to promote economic growth through tax reforms, employment initiatives, and balanced fiscal policies.",:neutral_face:,ðŸ˜,goods
2024-09-17 19:19:17,rag_chatbot,Helsingin Sanomat,"2017-State-of-the-Nation-Address-of-Rodrigo-Roa-Duterte.pdf, 2018-State-of-the-Nation-Address-of-Rodrigo-Roa-Duterte.pdf",west ph,"[same as the chat question]

west ph","The West Philippine Sea issue is mentioned in both the 2017 and 2018 State of the Nation Addresses of Rodrigo Roa Duterte. 

In the 2017 address, Duterte states: ""The West Philippine Sea issue and Federalism are matters that we have to tackle sooner or later."" 
Source: Document 0 Title: 2017-State-of-the-Nation-Address-of-Rodrigo-Roa-Duterte.pdf

In the 2018 address, Duterte elaborates on the issue, mentioning the improved relationship with China and the ongoing efforts to defend the Philippines' interests: ""Our improved relationship with China, however, does not mean that we will waver in our commitment to defend our interests in the West Philippine Sea.""
Source: Document 1 Title: 2018-State-of-the-Nation-Address-of-Rodrigo-Roa-Duterte.pdf",:smiley:,ðŸ˜€,good
2024-09-17 19:20:19,document_analyzer,Helsingin Sanomat,"2017-State-of-the-Nation-Address-of-Rodrigo-Roa-Duterte.pdf, 2018-State-of-the-Nation-Address-of-Rodrigo-Roa-Duterte.pdf","Economic Growth, Education Initiatives","
You are an unbias investigative jounalist. You are not representing any party or organization and you would treat the documents as research material.

Your main task is to examine these documents in relation to the following research question, denoted by double quotes: ""{{QUESTION}}"".

Compare the documents, find similarities and differences. Use only the provided documents and do not attempt to infer or fabricate an answer. If not directly stated in the documents, say that and don't give assumptions. Tell if a document doesn't contain anything related to the research question. 

If only one document contains relevant information regarding the research question, state that. In this case, do not compare; instead, summarize the key points from that document.

To support your analysis, justify your insights with evidence from the documents. Format your references as follows:
- Source: [Document Title]
- Excerpt: [Approximately 100 words from the document that supports your claim]

Use the following documents to answer the research question: {{DOCUMENTS}}.

{{LANGUAGE}}
","### Analysis and Comparison of Documents

#### Research Question: ""Economic Growth, Education Initiatives""

### Document 1: 2017-State-of-the-Nation-Address-of-Rodrigo-Roa-Duterte.pdf

**Economic Growth:**
- The document discusses various initiatives aimed at economic growth, such as tax reforms, infrastructure projects, and ICT improvements.
- **Excerpt:**
  > ""We are targeting to increase Government spending on infrastructure from 5 percent of GDP in 2017 to 7 percent of GDP by 2022, amounting to a total of 8 to 9 trillion pesos or 160 to 180 billion dollars in infrastructure projects. We will make the next few years the 'Golden Age of Infrastructure' in the Philippines to enhance our mobility and connectivity, and thereby spur equitable growth and development in the country.""

**Education Initiatives:**
- The document mentions providing education and employment for families of fallen or disabled soldiers but does not elaborate on broader education initiatives.
- **Excerpt:**
  > ""For the family left behind by those who fell or are rendered totally disabled in the line of duty, we shall provide shelter, health care assistance, education, and employment.""

### Document 2: 2018-State-of-the-Nation-Address-of-Rodrigo-Roa-Duterte.pdf

**Economic Growth:**
- The document emphasizes the importance of the TRAIN law for economic growth, infrastructure development, and tax reforms.
- **Excerpt:**
  > ""I applaud Congress for the timely passage of the TRAIN law. You have made funds available to build better roads and bridges, and improve health and education, and strengthen our safety and security.""

**Education Initiatives:**
- The document highlights the approval of the Free Tertiary Education Act and the increase in salaries for soldiers and policemen.
- **Excerpt:**
  > ""Deliberations with the proper agencies also made me decide to push for, and eventually approve, both the [free] Tertiary Education Act and the increase in the salary of our men in uniform, our soldiers and our policemen.""

### Similarities:
1. **Economic Growth:**
   - Both documents emphasize infrastructure development as a key driver of economic growth.
   - Both documents discuss tax reforms aimed at generating revenue for development projects.

2. **Education Initiatives:**
   - Both documents mention education in the context of providing support to specific groups (e.g., families of soldiers, free tertiary education).

### Differences:
1. **Economic Growth:**
   - The 2017 document focuses more on specific infrastructure projects and ICT improvements.
   - The 2018 document places a stronger emphasis on the TRAIN law and its role in economic growth.

2. **Education Initiatives:**
   - The 2017 document briefly mentions education for families of soldiers.
   - The 2018 document provides more detail on broader education initiatives, including the Free Tertiary Education Act.

### Conclusion:
Both documents address economic growth and education initiatives, but with different emphases. The 2017 document focuses more on infrastructure and ICT, while the 2018 document highlights the TRAIN law and broader education reforms. Both documents underscore the importance of tax reforms in funding these initiatives.",:smiley:,ðŸ˜€,goods
2024-09-17 20:14:56,rag_chatbot,GMA Network,"2017-State-of-the-Nation-Address-of-Rodrigo-Roa-Duterte.pdf, 2018-State-of-the-Nation-Address-of-Rodrigo-Roa-Duterte.pdf",west ph,"[same as the chat question]

west ph","The West Philippine Sea issue is mentioned in both the 2017 and 2018 State of the Nation Addresses of Rodrigo Roa Duterte. 

In the 2017 address, Duterte states: ""The West Philippine Sea issue and Federalism are matters that we have to tackle sooner or later."" 
Source: Document 0 Title: 2017-State-of-the-Nation-Address-of-Rodrigo-Roa-Duterte.pdf

In the 2018 address, Duterte elaborates on the issue, mentioning the improved relationship with China and the ongoing efforts to manage differences through bilateral and multilateral platforms: ""Our improved relationship with China, however, does not mean that we will waver in our commitment to defend our interests in the West Philippine Sea. This is why we engage China through bilateral and multilateral platforms such as the ASEAN-China and the Philippines-China Bilateral Consultation Mechanism.""
Source: Document 1 Title: 2018-State-of-the-Nation-Address-of-Rodrigo-Roa-Duterte.pdf",:smiley:,ðŸ˜€,good
